country,year,lifeExp,pop,gdpPercap
Australia,1952,69.12,8691212,10039.59564
New Zealand,1952,69.39,1994794,10556.57566
