country,continent,year,lifeExp,pop,gdpPercap
Albania,Europe,1952,55.23,1282697,1601.056136
Austria,Europe,1952,66.8,6927772,6137.076492
Belgium,Europe,1952,68,8730405,8343.105127
Bosnia and Herzegovina,Europe,1952,53.82,2791000,973.5331948
Bulgaria,Europe,1952,59.6,7274900,2444.286648