country,year,lifeExp,pop,gdpPercap
Afghanistan,1952,28.801,8425333,779.4453145
Bahrain,1952,50.939,120447,9867.084765
Bangladesh,1952,37.484,46886859,684.2441716
Cambodia,1952,39.417,4693836,368.4692856
China,1952,44,556263527,400.448611
"Hong Kong, China",1952,60.96,2125900,3054.421209
