country,continent,year,lifeExp,pop,gdpPercap
Australia,Oceania,1952,69.12,8691212,10039.59564
New Zealand,Oceania,1952,69.39,1994794,10556.57566
Australia,Oceania,1957,70.33,9712569,10949.64959
New Zealand,Oceania,1957,70.26,2229407,12247.39532
Australia,Oceania,1962,70.93,10794968,12217.22686