country,year,lifeExp,pop,gdpPercap
Argentina,1952,62.485,17876956,5911.315053
Bolivia,1952,40.414,2883315,2677.326347
Brazil,1952,50.917,56602560,2108.944355
Canada,1952,68.75,14785584,11367.16112
Chile,1952,54.745,6377619,3939.978789
Colombia,1952,50.643,12350771,2144.115096
