country,year,lifeExp,pop,gdpPercap
Algeria,1952,43.077,9279525,2449.008185
Angola,1952,30.015,4232095,3520.610273
Benin,1952,38.223,1738315,1062.7522
Botswana,1952,47.622,442308,851.2411407
Burkina Faso,1952,31.975,4469979,543.2552413
Burundi,1952,39.031,2445618,339.2964587
